"","x"
"zealand",532
"windies",452
"bowl",370
"wicket",310
"ball",291
"team",232
"play",213
"taylor",206
"run",191
"time",186
"bat",180
"best",153
"score",150
"narin",146
"mccullum",130
"year",128
"batsmen",125
"over",123
"boult",122
"back",121
"deliveri",117
"pitch",113
"win",110
"start",103
"centuri",100
"gayl",100
"roach",96
"sammi",94
"take",92
"southe",90
"open",88
"chanderpaul",86
"guptil",84
"show",83
"wagner",82
"five",81
"follow",80
"hundr",79
"williamson",78
"boundari",78
"took",78
"short",78
"edg",77
"slip",76
"bravo",74
"chanc",73
"batsman",72
"half",70
"long",70
"session",70
"catch",70
"left",68
"attack",65
"deonarin",65
"top",64
"captain",63
"past",63
"final",63
"stump",63
"ross",62
"tri",61
"home",61
"field",60
"darrensammi",59
"powel",58
"drive",57
"pressur",56
"around",56
"victori",56
"lead",55
"morn",54
"leg",54
"six",54
"brendon",54
"hand",53
"shot",53
"spell",53
"hard",52
"line",52
"order",51
"turn",51
"martin",51
"posit",51
"samuel",51
"perform",50
"although",50
"hit",49
"stand",49
"coupl",48
"give",48
"work",48
"dunedin",48
"england",47
"player",46
"quick",45
"spinner",45
"pace",45
"wellington",45
"neil",44
"given",44
"lunch",44
"condit",43
"keep",43
"seamer",43
"went",43
"dismiss",42
"hope",42
"close",42
"next",42
"swing",42
"trentboult",42
"pick",41
"sunil",41
"hour",41
"part",41
"highest",40
"india",40
"today",39
"tinobest",39
"drop",38
"kane",38
"return",38
"ramdin",38
"shivnarin",38
"cover",38
"continu",37
"man",37
"period",37
"doubl",37
"spin",37
"narsingh",36
"pair",36
"pull",36
"tea",36
"wasn",36
"fast",36
"tim",36
"chrisgayl",35
"remain",35
"taken",35
"face",35
"expect",35
"differ",35
"result",35
"consist",35
"shillingford",35
"gave",34
"know",34
"later",34
"manag",34
"tough",34
"offer",34
"won",34
"foot",33
"length",33
"seem",33
"previous",33
"edward",33
"sodhi",33
"better",32
"big",32
"don",32
"vettori",32
"daniel",32
"partnership",32
"confid",32
"front",32
"marlonsamuel",32
"guy",32
"watch",32
"despit",31
"jamaica",31
"caught",31
"chase",31
"without",31
"move",31
"outsid",31
"watl",31
"kemar",30
"includ",30
"appear",30
"lost",29
"fifti",29
"decis",29
"pretti",29
"moment",29
"mani",28
"form",28
"miss",28
"yet",28
"finish",28
"antigua",28
"full",28
"ground",28
"eight",27
"opportun",27
"realli",27
"alway",27
"beat",27
"break",27
"kieran",27
"fell",27
"feel",27
"figur",27
"believ",27
"effort",27
"rain",27
"behind",27
"anderson",27
"began",26
"push",26
"thought",26
"chang",26
"late",26
"pad",26
"nine",26
"fifth",25
"lose",25
"success",25
"challeng",25
"reach",25
"world",25
"brought",25
"place",25
"surviv",25
"bounc",25
"windiesan",25
"bangladesh",25
"cut",25
"surfac",25
"gibson",25
"darren",25
"fulton",25
"career",24
"save",24
"chris",24
"happi",24
"near",24
"target",24
"bracewel",24
"fielder",24
"control",24
"creas",24
"rampaul",24
"week",24
"averag",24
"job",23
"consecut",23
"contribut",23
"total",23
"done",23
"seven",23
"forc",23
"umpir",23
"haul",23
"call",23
"injuri",23
"gulli",22
"hamilton",22
"straight",22
"strike",22
"probabl",22
"review",22
"especi",22
"toss",22
"recent",22
"middl",21
"park",21
"problem",21
"import",21
"earlier",21
"host",21
"lbw",21
"toward",21
"find",21
"togeth",21
"forward",21
"slow",21
"defeat",21
"signific",21
"key",20
"month",20
"opposit",20
"rank",20
"creat",20
"denesh",20
"midwicket",20
"van",20
"wyk",20
"soon",20
"either",20
"leav",20
"caribbean",20
"squad",20
"class",20
"ten",20
"deep",19
"favour",19
"stage",19
"fudadin",19
"glove",19
"held",19
"old",19
"prove",19
"complet",19
"kept",19
"coach",19
"minut",19
"fight",18
"gone",18
"ahead",18
"great",18
"happen",18
"limit",18
"obvious",18
"strong",18
"weather",18
"wide",18
"arm",18
"certain",18
"almost",18
"sweep",18
"impress",18
"role",18
"let",18
"gabriel",18
"rutherford",18
"fail",17
"flynn",17
"comfort",17
"anyth",17
"struggl",17
"disappoint",17
"becom",17
"nice",17
"remov",17
"australia",17
"fall",17
"corey",17
"shane",17
"debut",16
"haven",16
"insid",16
"clear",16
"couldn",16
"low",16
"mid",16
"occas",16
"stroke",16
"visitor",16
"caus",16
"sharp",16
"across",16
"zimbabw",16
"troubl",16
"celebr",16
"advantag",15
"duck",15
"everi",15
"pleas",15
"domin",15
"mind",15
"record",15
"young",15
"doug",15
"provid",15
"resist",15
"bring",15
"unbeaten",15
"aggress",15
"rate",15
"extra",15
"similar",15
"throughout",15
"energi",15
"room",15
"ish",15
"improv",14
"plan",14
"sabina",14
"talk",14
"carri",14
"fact",14
"revers",14
"struck",14
"squar",14
"along",14
"build",14
"walk",14
"warm",14
"head",14
"number",14
"stay",14
"allow",14
"drove",14
"poor",14
"trap",14
"africa",14
"south",14
"singl",14
"situat",14
"cost",14
"regular",14
"collect",14
"kirk",14
"permaul",14
"collaps",13
"possibl",13
"settl",13
"knew",13
"perhap",13
"ensur",13
"secur",13
"sixth",13
"least",13
"brownli",13
"decid",13
"earn",13
"reward",13
"difficult",13
"felt",13
"throw",13
"tomorrow",13
"conced",13
"wrap",13
"harder",13
"less",13
"slog",13
"stuck",13
"intern",13
"loss",13
"mark",13
"doubt",13
"wrong",13
"fine",13
"season",13
"odi",12
"sever",12
"assad",12
"flat",12
"fuller",12
"kruger",12
"maiden",12
"due",12
"knock",12
"solid",12
"whose",12
"high",12
"alreadi",12
"reason",12
"initi",12
"battl",12
"escap",12
"specialist",12
"absenc",12
"experi",12
"indic",12
"claim",12
"green",12
"level",12
"prepar",12
"dress",12
"grass",12
"lara",12
"lanka",12
"sri",12
"peter",12
"rest",11
"approach",11
"eye",11
"instead",11
"none",11
"pass",11
"twenti",11
"word",11
"concentr",11
"partner",11
"share",11
"movement",11
"ravi",11
"repeat",11
"wicketkeep",11
"abil",11
"men",11
"within",11
"support",11
"wast",11
"eventu",11
"lower",11
"respons",11
"skill",11
"weren",11
"begin",11
"credit",11
"noth",11
"rule",11
"venu",11
"countri",11
"enjoy",11
"easi",11
"immedi",11
"respond",11
"option",11
"power",11
"among",11
"suggest",11
"march",11
"drs",11
"fit",11
"loos",11
"current",11
"admit",11
"shannon",11
"instanc",11
"sort",10
"threat",10
"eas",10
"hold",10
"mate",10
"meant",10
"must",10
"odd",10
"chip",10
"luck",10
"punch",10
"wait",10
"brathwait",10
"disciplin",10
"sustain",10
"aim",10
"bare",10
"twice",10
"produc",10
"deni",10
"format",10
"lift",10
"natur",10
"definit",10
"seam",10
"arriv",10
"fan",10
"becam",10
"huge",10
"outstand",10
"shown",10
"frustrat",10
"surpris",10
"consid",10
"easili",10
"replay",10
"mean",10
"sometim",10
"cordon",10
"legspinn",10
"competit",9
"hasn",9
"nightwatchman",9
"actual",9
"effect",9
"focus",9
"life",9
"matter",9
"peopl",9
"person",9
"rememb",9
"someon",9
"white",9
"experienc",9
"keeper",9
"margin",9
"question",9
"threw",9
"danger",9
"richard",9
"combin",9
"present",9
"afternoon",9
"deficit",9
"saw",9
"action",9
"flick",9
"matur",9
"nerv",9
"progress",9
"touch",9
"compani",9
"nation",9
"breakthrough",9
"led",9
"tenth",9
"variat",9
"kingston",9
"sunday",9
"plenti",9
"whether",9
"emerg",9
"excel",9
"calm",9
"major",9
"add",9
"boy",9
"display",9
"fortun",9
"stretch",9
"main",9
"auckland",9
"univers",9
"brian",9
"basin",9
"capitalis",8
"doesn",8
"pose",8
"unlik",8
"air",8
"comeback",8
"exploit",8
"smile",8
"tight",8
"tire",8
"worri",8
"check",8
"decemb",8
"extend",8
"impact",8
"list",8
"ninth",8
"yesterday",8
"damag",8
"quiet",8
"wouldn",8
"bouncer",8
"dean",8
"whatev",8
"tougher",8
"defend",8
"feet",8
"special",8
"alon",8
"nervous",8
"spun",8
"step",8
"guess",8
"red",8
"bodi",8
"direct",8
"round",8
"compet",8
"sign",8
"otti",8
"vital",8
"convinc",8
"induc",8
"seventh",8
"occasion",8
"usual",8
"backward",8
"crucial",8
"loft",8
"song",8
"pack",8
"term",8
"bad",8
"stop",8
"oval",8
"net",8
"visit",8
"reserv",8
"area",7
"attitud",7
"emot",7
"honest",7
"scorer",7
"spoken",7
"spot",7
"hander",7
"patient",7
"shout",7
"swung",7
"generat",7
"isn",7
"promis",7
"ran",7
"contest",7
"rise",7
"express",7
"hadn",7
"sent",7
"signal",7
"sound",7
"till",7
"factor",7
"hot",7
"patienc",7
"anyon",7
"develop",7
"extrem",7
"bright",7
"conteamr",7
"alongsid",7
"decent",7
"spend",7
"overnight",7
"requir",7
"stori",7
"thank",7
"unabl",7
"assist",7
"evid",7
"rare",7
"balanc",7
"centurion",7
"eighth",7
"crowd",7
"desper",7
"local",7
"perfect",7
"other",7
"john",7
"standard",7
"fear",7
"gap",7
"deserv",7
"colombo",7
"enforc",7
"spread",7
"manner",7
"hamish",7
"name",6
"chest",6
"fill",6
"keen",6
"note",6
"shorter",6
"view",6
"join",6
"landmark",6
"onto",6
"slash",6
"wonder",6
"corner",6
"deliv",6
"exert",6
"kraigg",6
"older",6
"smart",6
"discomfort",6
"surround",6
"talent",6
"brisk",6
"reflect",6
"tail",6
"whole",6
"armer",6
"appeal",6
"belief",6
"box",6
"equal",6
"risk",6
"safe",6
"toil",6
"goe",6
"handl",6
"search",6
"land",6
"massiv",6
"angl",6
"boost",6
"familiar",6
"typic",6
"concern",6
"busi",6
"nudg",6
"overal",6
"shoulder",6
"kick",6
"strength",6
"substanti",6
"trail",6
"plus",6
"everyth",6
"injur",6
"reiffel",6
"sightscreen",6
"slap",6
"stood",6
"techniqu",6
"fulli",6
"heavi",6
"cap",6
"recov",6
"ago",6
"except",6
"memor",6
"els",6
"learn",6
"selector",6
"cloud",6
"grab",6
"shape",6
"talli",6
"exact",6
"kolkata",6
"worth",6
"briefli",6
"live",6
"demand",6
"respect",6
"difficulti",6
"snap",6
"seddon",6
"convert",5
"failur",5
"soft",5
"stat",5
"adjust",5
"batter",5
"cash",5
"commit",5
"mental",5
"presenc",5
"realis",5
"relief",5
"sudden",5
"await",5
"insw",5
"rope",5
"scoop",5
"storm",5
"straightforward",5
"style",5
"upper",5
"adapt",5
"amount",5
"dayer",5
"defens",5
"poke",5
"roll",5
"welcom",5
"wicb",5
"channel",5
"featur",5
"nick",5
"highlight",5
"longer",5
"piec",5
"harsh",5
"race",5
"rid",5
"stuff",5
"wear",5
"measur",5
"board",5
"track",5
"gift",5
"overstep",5
"relat",5
"remark",5
"icc",5
"trinidad",5
"avail",5
"avoid",5
"select",5
"suffer",5
"offspinn",5
"report",5
"told",5
"type",5
"beaten",5
"built",5
"confirm",5
"cours",5
"delay",5
"simpl",5
"barbado",5
"beauti",5
"rais",5
"act",5
"grow",5
"favourit",5
"real",5
"departur",5
"regroup",5
"higher",5
"former",5
"non",5
"olymp",5
"stride",5
"flow",5
"moistur",5
"nip",5
"predict",5
"recal",5
"capabl",5
"desir",5
"space",5
"cheapli",5
"fashion",5
"unit",5
"maintain",5
"exampl",5
"spent",5
"conclus",5
"error",5
"hamstr",5
"increas",5
"platform",5
"thick",5
"thin",5
"product",5
"train",5
"grant",5
"send",5
"trip",5
"weak",5
"closer",5
"depart",5
"ernesto",5
"slight",5
"repriev",5
"outswing",5
"reid",5
"brilliant",5
"clip",5
"grassi",5
"redmond",5
"palm",5
"resili",5
"pictur",5
"interest",5
"stun",5
"albeit",5
"swift",5
"veerasammi",5
"calendar",5
"everyon",4
"momentum",4
"assess",4
"broad",4
"cheer",4
"cross",4
"emphat",4
"endur",4
"hunger",4
"intimid",4
"profession",4
"surpass",4
"acknowledg",4
"halt",4
"histori",4
"intent",4
"lob",4
"mistak",4
"silli",4
"sneak",4
"answer",4
"heard",4
"restrict",4
"unfortun",4
"amid",4
"comment",4
"era",4
"hop",4
"terrif",4
"novemb",4
"par",4
"afford",4
"bother",4
"rough",4
"rub",4
"apiec",4
"consolid",4
"prompt",4
"whenev",4
"sit",4
"fair",4
"self",4
"spirit",4
"valu",4
"volley",4
"camp",4
"defin",4
"encourag",4
"bore",4
"matchplan",4
"notic",4
"taker",4
"click",4
"exclud",4
"oversea",4
"senior",4
"slid",4
"lucki",4
"negat",4
"excit",4
"accur",4
"fierc",4
"habit",4
"individu",4
"resumpt",4
"courtney",4
"hang",4
"laugh",4
"pakistan",4
"serv",4
"tempt",4
"wall",4
"walsh",4
"refresh",4
"account",4
"aid",4
"count",4
"fault",4
"steer",4
"andi",4
"catcher",4
"oppon",4
"sprint",4
"suit",4
"stint",4
"fewer",4
"lowest",4
"ton",4
"clean",4
"distract",4
"dive",4
"drama",4
"fraser",4
"latter",4
"paul",4
"pluck",4
"pryce",4
"screen",4
"striker",4
"system",4
"unfurl",4
"constant",4
"proud",4
"readi",4
"region",4
"succumb",4
"switch",4
"affect",4
"bag",4
"group",4
"receiv",4
"alarm",4
"amend",4
"eleg",4
"jamaican",4
"laps",4
"normal",4
"fantast",4
"simpli",4
"club",4
"otherwis",4
"drawn",4
"groin",4
"strain",4
"analysi",4
"immens",4
"most",4
"accord",4
"brown",4
"die",4
"tone",4
"tropic",4
"tandem",4
"charg",4
"flight",4
"quicker",4
"saturday",4
"threaten",4
"unchang",4
"sum",4
"victim",4
"hamper",4
"extract",4
"fallen",4
"fold",4
"goog",4
"captainci",4
"crow",4
"dash",4
"napier",4
"skip",4
"vast",4
"ineffect",4
"meanwhil",4
"summer",4
"tick",4
"aaron",4
"sway",4
"healthi",4
"uncertain",4
"row",4
"dealt",4
"examin",4
"burst",4
"careless",4
"frequent",4
"compar",4
"turner",4
"superbl",4
"involv",4
"regardless",4
"christma",4
"ugli",4
"burgess",4
"jone",4
"august",3
"otago",3
"reli",3
"solitari",3
"aspect",3
"attent",3
"counterattack",3
"formid",3
"greenidg",3
"inspir",3
"intact",3
"jordan",3
"necessari",3
"outfield",3
"pay",3
"prevent",3
"rectifi",3
"reduc",3
"retir",3
"adrian",3
"chop",3
"exil",3
"flourish",3
"hurt",3
"path",3
"script",3
"snorter",3
"alert",3
"contract",3
"dri",3
"eager",3
"issu",3
"leagu",3
"sedat",3
"sir",3
"sooner",3
"stadium",3
"thrash",3
"vivian",3
"ambros",3
"brush",3
"cameo",3
"convers",3
"dale",3
"hostil",3
"hype",3
"ian",3
"memori",3
"peril",3
"prod",3
"rekindl",3
"resolut",3
"steyn",3
"goal",3
"mayb",3
"multan",3
"shuffl",3
"sight",3
"stick",3
"bang",3
"driven",3
"flew",3
"inch",3
"jump",3
"north",3
"occupi",3
"onslaught",3
"slice",3
"smash",3
"soar",3
"attrit",3
"hung",3
"per",3
"seal",3
"uncharacterist",3
"valuabl",3
"wicketless",3
"fought",3
"shift",3
"ski",3
"suffici",3
"wors",3
"indian",3
"tame",3
"combat",3
"narrowli",3
"outplay",3
"presid",3
"scene",3
"veteran",3
"wednesday",3
"april",3
"decad",3
"faith",3
"inclus",3
"inconsist",3
"inexperienc",3
"midway",3
"younger",3
"benefit",3
"crunch",3
"fresh",3
"island",3
"practic",3
"cherish",3
"idea",3
"leader",3
"mantra",3
"night",3
"ride",3
"underst",3
"whoop",3
"charact",3
"fire",3
"hasten",3
"intens",3
"richardson",3
"write",3
"negoti",3
"benign",3
"consign",3
"stumbl",3
"wipe",3
"blame",3
"gain",3
"persist",3
"sweet",3
"delic",3
"misfield",3
"weari",3
"inabl",3
"qualiti",3
"ann",3
"brunt",3
"comparison",3
"dead",3
"drink",3
"glide",3
"london",3
"shelli",3
"sponsor",3
"upon",3
"women",3
"appli",3
"deposit",3
"famous",3
"friday",3
"friend",3
"independ",3
"surg",3
"hint",3
"perspect",3
"separ",3
"afraid",3
"deal",3
"neat",3
"wholeheart",3
"block",3
"resum",3
"anyway",3
"balloon",3
"mighti",3
"notch",3
"uncomfort",3
"justifi",3
"slide",3
"tini",3
"wayward",3
"capt",3
"economi",3
"hobart",3
"muscl",3
"nethula",3
"tarun",3
"fidel",3
"ipl",3
"wright",3
"accept",3
"hayn",3
"respit",3
"somebodi",3
"straighter",3
"suspens",3
"contrast",3
"sky",3
"unleash",3
"aren",3
"monday",3
"rapid",3
"serious",3
"wind",3
"guyana",3
"repli",3
"waft",3
"spill",3
"trigger",3
"guilti",3
"passag",3
"restor",3
"sens",3
"border",3
"curtail",3
"fend",3
"free",3
"glute",3
"incred",3
"media",3
"nurs",3
"prey",3
"public",3
"cape",3
"expens",3
"niggl",3
"snaffl",3
"wrist",3
"dec",3
"jess",3
"pacer",3
"ryder",3
"strode",3
"trafford",3
"unlucki",3
"establish",3
"prefer",3
"rotat",3
"advic",3
"dark",3
"envisag",3
"insert",3
"unexpect",3
"case",3
"cottrel",3
"hurri",3
"sheldon",3
"wore",3
"comprehens",3
"love",3
"determin",3
"hungri",3
"thumb",3
"bridg",3
"debat",3
"dread",3
"outcom",3
"satisfact",3
"worst",3
"content",3
"knowledg",3
"lord",3
"potenti",3
"sunshin",3
"greet",3
"inevit",3
"leap",3
"longest",3
"prolif",3
"sad",3
"assur",3
"rout",3
"thereaft",3
"shiv",3
"tradit",3
"art",3
"complement",3
"footwork",3
"rhythm",3
"trust",3
"understand",3
"utmost",3
"carv",3
"remind",3
"edgbaston",3
"forget",3
"jag",3
"motor",3
"proceed",3
"glenn",3
"ignor",3
"unless",3
"buoy",3
"prospect",3
"workload",3
"breath",3
"bye",3
"fightback",3
"finest",3
"speed",3
"hesson",3
"jame",3
"spectacular",3
"embarrass",3
"mention",3
"reliev",3
"exhibit",3
"inswing",3
"tackl",3
"suspend",3
"offbreak",3
"owe",3
"card",3
"andrew",3
"mackenzi",3
"bid",2
"heavili",2
"realist",2
"dig",2
"gordon",2
"heat",2
"helmet",2
"lifelin",2
"punish",2
"repres",2
"adventur",2
"campbel",2
"capitul",2
"feather",2
"fetch",2
"fluf",2
"miscu",2
"nineti",2
"perish",2
"pilot",2
"pump",2
"sharpli",2
"sizeabl",2
"straightaway",2
"teas",2
"anticip",2
"barath",2
"bite",2
"dot",2
"dwayn",2
"henri",2
"jet",2
"nonchal",2
"rein",2
"routin",2
"scatter",2
"shouldn",2
"smith",2
"stud",2
"teamlin",2
"undo",2
"accolad",2
"bishop",2
"clock",2
"curt",2
"forgotten",2
"glorious",2
"golden",2
"loop",2
"meantim",2
"mistim",2
"proper",2
"thrill",2
"bubbl",2
"loom",2
"steadi",2
"demoralis",2
"dip",2
"effortless",2
"flurri",2
"infield",2
"justic",2
"opt",2
"reluct",2
"safeti",2
"stab",2
"swat",2
"swept",2
"tourist",2
"ungain",2
"accuraci",2
"anxieti",2
"chosen",2
"cope",2
"cri",2
"fritter",2
"grade",2
"gritti",2
"keel",2
"object",2
"rose",2
"squat",2
"easier",2
"flynni",2
"gloss",2
"ill",2
"paid",2
"sore",2
"audaci",2
"circumspect",2
"dear",2
"deflat",2
"derbyshir",2
"fluent",2
"impetu",2
"shadow",2
"spoon",2
"standout",2
"toe",2
"crown",2
"paper",2
"pattern",2
"portion",2
"variabl",2
"bank",2
"fruit",2
"seiz",2
"softer",2
"chief",2
"dish",2
"enter",2
"greatest",2
"headach",2
"solv",2
"spearhead",2
"temperatur",2
"winner",2
"born",2
"outing",2
"upcom",2
"hole",2
"rusti",2
"windward",2
"base",2
"everybodi",2
"handshak",2
"holler",2
"influenc",2
"observ",2
"scorecard",2
"staff",2
"substitut",2
"watchman",2
"arguabl",2
"enterpris",2
"giant",2
"guard",2
"heap",2
"hover",2
"incis",2
"interv",2
"plumb",2
"richi",2
"scoreboard",2
"shower",2
"surrend",2
"triumph",2
"vigil",2
"attract",2
"bemoan",2
"eras",2
"leadership",2
"luxuri",2
"read",2
"resourc",2
"sensibl",2
"anchor",2
"annoy",2
"depend",2
"entertain",2
"iron",2
"redress",2
"shave",2
"slam",2
"wise",2
"blow",2
"broken",2
"effici",2
"moral",2
"prison",2
"redempt",2
"shawshank",2
"specif",2
"state",2
"stern",2
"suck",2
"chose",2
"dominica",2
"joy",2
"june",2
"sagicor",2
"technic",2
"stark",2
"tabl",2
"tripl",2
"background",2
"bail",2
"camera",2
"champion",2
"dour",2
"erasmus",2
"finn",2
"headingley",2
"press",2
"roar",2
"smack",2
"stoppag",2
"tavar√©",2
"tracker",2
"video",2
"ascend",2
"attend",2
"black",2
"deck",2
"flay",2
"hell",2
"jitter",2
"mindset",2
"prong",2
"task",2
"wake",2
"youth",2
"focuss",2
"painstak",2
"reap",2
"bar",2
"bash",2
"breez",2
"dab",2
"deter",2
"expos",2
"hammer",2
"lengthi",2
"lone",2
"silenc",2
"slant",2
"steadili",2
"strand",2
"cramp",2
"excus",2
"inexplic",2
"latest",2
"rearguard",2
"sin",2
"weight",2
"egregi",2
"excess",2
"kettleborough",2
"kph",2
"heart",2
"mainstay",2
"pile",2
"pouch",2
"rash",2
"via",2
"begun",2
"forecast",2
"pain",2
"physio",2
"scenario",2
"slot",2
"subsequ",2
"thunderstorm",2
"clinch",2
"declar",2
"element",2
"encount",2
"insist",2
"motiv",2
"stock",2
"thursday",2
"butt",2
"correct",2
"exquisit",2
"fellow",2
"genuin",2
"mission",2
"robert",2
"smell",2
"statist",2
"replac",2
"allud",2
"eve",2
"hallmark",2
"link",2
"marlon",2
"honour",2
"dramat",2
"ideal",2
"meek",2
"water",2
"entic",2
"frontlin",2
"general",2
"indecis",2
"lean",2
"lure",2
"permit",2
"pin",2
"pre",2
"slower",2
"admir",2
"burn",2
"insipid",2
"necessarili",2
"overran",2
"runner",2
"schedul",2
"tendenc",2
"width",2
"adrift",2
"outbowl",2
"reflex",2
"smother",2
"timer",2
"apart",2
"canter",2
"cousin",2
"exuber",2
"instinct",2
"nowher",2
"origin",2
"predecessor",2
"probe",2
"rattl",2
"refer",2
"resolv",2
"scrutini",2
"trademark",2
"unconvinc",2
"adjudg",2
"applic",2
"dose",2
"forearm",2
"greenish",2
"incom",2
"llong",2
"root",2
"slider",2
"spare",2
"sun",2
"tighter",2
"ting",2
"trick",2
"beyond",2
"gear",2
"hobbl",2
"knee",2
"lag",2
"oper",2
"phrase",2
"updat",2
"afp",2
"fli",2
"hustl",2
"semblanc",2
"superior",2
"weapon",2
"cast",2
"commend",2
"feed",2
"flex",2
"gentl",2
"horribl",2
"regist",2
"reminisc",2
"duo",2
"frenet",2
"hesit",2
"reviv",2
"subcontin",2
"torment",2
"true",2
"fraught",2
"matt",2
"mix",2
"nowaday",2
"prior",2
"sterner",2
"stronger",2
"verg",2
"adelaid",2
"bruce",2
"door",2
"jetlag",2
"stiffen",2
"vibe",2
"laxman",2
"splendid",2
"turnaround",2
"winless",2
"bet",2
"henc",2
"miser",2
"nobodi",2
"sat",2
"visa",2
"yes",2
"dust",2
"height",2
"optim",2
"delight",2
"exit",2
"irrespons",2
"messag",2
"numer",2
"tricki",2
"brillianc",2
"climb",2
"coverag",2
"embrac",2
"implor",2
"kid",2
"nail",2
"soil",2
"sporad",2
"tie",2
"downfal",2
"earmark",2
"uppish",2
"activ",2
"adam",2
"sachin",2
"tendulkar",2
"accru",2
"clever",2
"explan",2
"misjudg",2
"prioriti",2
"slipperi",2
"warrant",2
"breathtak",2
"clatter",2
"crumbl",2
"dire",2
"discuss",2
"feebl",2
"forlorn",2
"freeli",2
"gather",2
"hadle",2
"juggl",2
"marshal",2
"pacemen",2
"age",2
"nought",2
"stuart",2
"thorp",2
"william",2
"addit",2
"awkward",2
"buffer",2
"prise",2
"acrobat",2
"bottom",2
"foothold",2
"small",2
"travel",2
"refus",2
"thrown",2
"tighten",2
"explain",2
"neither",2
"planet",2
"spring",2
"troop",2
"athlet",2
"biggest",2
"chappel",2
"defi",2
"dynam",2
"energet",2
"fruition",2
"organ",2
"releas",2
"sport",2
"tension",2
"thorough",2
"viv",2
"zing",2
"inclin",2
"suspect",2
"victoria",2
"wari",2
"dispos",2
"fighter",2
"hear",2
"truth",2
"demis",2
"fore",2
"relax",2
"scalp",2
"ash",2
"troup",2
"distanc",2
"boulti",2
"chittagong",2
"extent",2
"sheriff",2
"theme",2
"town",2
"villier",2
"allan",2
"classi",2
"counter",2
"grasp",2
"overtak",2
"process",2
"carrom",2
"guid",2
"sloppi",2
"astl",2
"groundsman",2
"overhead",2
"feat",2
"skid",2
"angri",2
"mine",2
"rumbl",2
"daughter",2
"wife",2
"uneasi",2
"basseterr",1
"cede",1
"dan",1
"eke",1
"fist",1
"meet",1
"undermin",1
"apprehens",1
"basebal",1
"basketbal",1
"book",1
"boss",1
"brandish",1
"buckl",1
"bull",1
"championship",1
"characterist",1
"chicago",1
"circumst",1
"deeper",1
"dispatch",1
"event",1
"gestur",1
"grudg",1
"handwritten",1
"hiccup",1
"method",1
"michael",1
"nba",1
"philosoph",1
"physic",1
"puf",1
"reintroduct",1
"swagger",1
"touchston",1
"triumphant",1
"troubadour",1
"veng",1
"version",1
"deflect",1
"griffith",1
"hitti",1
"kiss",1
"sherwin",1
"statement",1
"stupend",1
"underlin",1
"beckon",1
"belliger",1
"blade",1
"bunt",1
"christoph",1
"freed",1
"hiatus",1
"kitt",1
"lakmal",1
"lendl",1
"pallekel",1
"piston",1
"pli",1
"rattlesnak",1
"rigour",1
"ringsid",1
"simmon",1
"suranga",1
"tast",1
"trade",1
"undisput",1
"vagari",1
"vanish",1
"wallop",1
"accumul",1
"aggriev",1
"backbreak",1
"backsid",1
"diminut",1
"displeasur",1
"enrag",1
"ensu",1
"ephemer",1
"flop",1
"harri",1
"linger",1
"maximum",1
"morkel",1
"regard",1
"richer",1
"stare",1
"through",1
"weav",1
"asset",1
"daren",1
"divorc",1
"freebi",1
"ganga",1
"handi",1
"leak",1
"sehwag",1
"undon",1
"caution",1
"chuf",1
"fiddl",1
"flashi",1
"flatter",1
"jersey",1
"lid",1
"mute",1
"pepper",1
"prodigi",1
"react",1
"spectat",1
"spice",1
"swell",1
"thunder",1
"vari",1
"wit",1
"besid",1
"blood",1
"compos",1
"descend",1
"gut",1
"introduc",1
"nutshel",1
"offsid",1
"ongo",1
"rush",1
"scarc",1
"seat",1
"segment",1
"sheen",1
"shook",1
"span",1
"sparkl",1
"undu",1
"web",1
"wrench",1
"guts",1
"sick",1
"spew",1
"tummi",1
"afresh",1
"bittersweet",1
"bog",1
"cancel",1
"comprehend",1
"lengthen",1
"potent",1
"premier",1
"referr",1
"sharpen",1
"shun",1
"spear",1
"stray",1
"underachiev",1
"undid",1
"yorker",1
"bed",1
"counterpart",1
"describ",1
"fanci",1
"havoc",1
"outfit",1
"pri",1
"rock",1
"soften",1
"bulk",1
"gettabl",1
"octob",1
"spark",1
"sunni",1
"bereft",1
"disast",1
"earnest",1
"explos",1
"fragil",1
"inordin",1
"rescuer",1
"salvag",1
"solidifi",1
"sorri",1
"underdog",1
"benefici",1
"candid",1
"quad",1
"qualifi",1
"trundl",1
"cloth",1
"enorm",1
"februari",1
"member",1
"standoff",1
"choos",1
"conscious",1
"dishearten",1
"inexperi",1
"interrupt",1
"irrevers",1
"labour",1
"pillar",1
"prize",1
"reassess",1
"rollercoast",1
"sole",1
"substanc",1
"brett",1
"burden",1
"cliff",1
"cruis",1
"defenc",1
"farm",1
"fuss",1
"heighten",1
"knockout",1
"lee",1
"lesson",1
"persever",1
"strongest",1
"tens",1
"unassail",1
"upheld",1
"uproot",1
"weigh",1
"adept",1
"proven",1
"stead",1
"charm",1
"climax",1
"improb",1
"likeliest",1
"mohammad",1
"needn",1
"rage",1
"yousuf",1
"adopt",1
"backfoot",1
"context",1
"demon",1
"drag",1
"inde",1
"legal",1
"muster",1
"palpabl",1
"shoot",1
"slacken",1
"sprung",1
"tore",1
"ambl",1
"blunt",1
"buzz",1
"crouch",1
"dufrens",1
"dufresn",1
"elud",1
"enthusiasm",1
"fate",1
"feisti",1
"flung",1
"haemorrhag",1
"overthrow",1
"reput",1
"retriev",1
"scrap",1
"simpler",1
"superstar",1
"uncontrol",1
"weaker",1
"calmer",1
"centr",1
"hpc",1
"lion",1
"refin",1
"slowli",1
"triall",1
"address",1
"dravid",1
"fewest",1
"hyderabad",1
"jacqu",1
"kalli",1
"rahul",1
"swap",1
"approv",1
"bif",1
"common",1
"consensus",1
"dodgi",1
"faulti",1
"flub",1
"instantan",1
"marai",1
"reckon",1
"reign",1
"skim",1
"steve",1
"strang",1
"strateg",1
"thigh",1
"attain",1
"attribut",1
"bide",1
"british",1
"cool",1
"easiest",1
"expert",1
"famili",1
"forehand",1
"gold",1
"hurdl",1
"known",1
"nottingham",1
"ordinari",1
"paint",1
"peac",1
"plod",1
"resid",1
"saddl",1
"scorch",1
"scyth",1
"showcas",1
"sublim",1
"succeed",1
"tenni",1
"turf",1
"violent",1
"futur",1
"light",1
"personnel",1
"yield",1
"bundl",1
"classic",1
"crusher",1
"daunt",1
"dice",1
"dividend",1
"gloom",1
"ident",1
"immov",1
"leather",1
"mediocr",1
"minimis",1
"nervi",1
"overhaul",1
"precari",1
"spine",1
"flatten",1
"vindic",1
"betray",1
"closest",1
"composur",1
"counti",1
"mishap",1
"scarciti",1
"seamless",1
"sheet",1
"tailend",1
"underperform",1
"bench",1
"cherri",1
"chomp",1
"deem",1
"dictat",1
"disconcert",1
"ender",1
"licens",1
"midriff",1
"mph",1
"pent",1
"secondari",1
"steepler",1
"sundri",1
"union",1
"upstair",1
"wont",1
"ambiti",1
"boot",1
"contact",1
"corridor",1
"deplet",1
"jaffa",1
"mount",1
"pounc",1
"shepherd",1
"silver",1
"spank",1
"theatric",1
"underwhelm",1
"virtual",1
"woe",1
"adductor",1
"enhanc",1
"hail",1
"humid",1
"plateau",1
"poorest",1
"reliabl",1
"satisfactori",1
"splash",1
"stagnat",1
"treatment",1
"unfail",1
"finger",1
"gotten",1
"learnt",1
"nzc",1
"servant",1
"ultim",1
"unfit",1
"unknown",1
"unplay",1
"youngster",1
"apprais",1
"clyde",1
"curious",1
"drew",1
"extens",1
"florida",1
"grace",1
"mantl",1
"masterclass",1
"muddl",1
"off",1
"offspin",1
"peak",1
"possess",1
"proof",1
"rubber",1
"tenur",1
"underr",1
"various",1
"alleg",1
"anniversari",1
"ban",1
"bookmak",1
"bouncier",1
"dedic",1
"faster",1
"dislodg",1
"elus",1
"extinguish",1
"farewel",1
"melbourn",1
"min",1
"outgo",1
"outscor",1
"percent",1
"propens",1
"revel",1
"twist",1
"wash",1
"woke",1
"letdown",1
"brake",1
"elabor",1
"furi",1
"grenadin",1
"guadeloup",1
"gust",1
"hurrican",1
"lash",1
"lucia",1
"martiniqu",1
"phase",1
"procedur",1
"shear",1
"strengthen",1
"urgent",1
"vincent",1
"warmer",1
"western",1
"accustom",1
"backup",1
"bedrock",1
"circl",1
"fals",1
"indel",1
"onsid",1
"outfox",1
"pleasant",1
"shabbi",1
"skipper",1
"swish",1
"advanc",1
"anthem",1
"anybodi",1
"compuls",1
"dangl",1
"earshot",1
"entri",1
"execut",1
"felicit",1
"gambler",1
"georg",1
"glare",1
"headley",1
"impecc",1
"jubil",1
"load",1
"medal",1
"money",1
"offici",1
"pavilion",1
"relationship",1
"scream",1
"shortish",1
"tool",1
"veronica",1
"wave",1
"yep",1
"zone",1
"bonus",1
"flirt",1
"grind",1
"impati",1
"mirror",1
"packag",1
"pole",1
"recoveri",1
"reproduc",1
"rollick",1
"shaki",1
"spite",1
"stall",1
"tape",1
"thwart",1
"abandon",1
"airlin",1
"appoint",1
"brainer",1
"christchurch",1
"compil",1
"curb",1
"curs",1
"denial",1
"exud",1
"gall",1
"gould",1
"grubber",1
"nab",1
"plough",1
"profligaci",1
"sack",1
"seymour",1
"suppli",1
"unus",1
"wheel",1
"whisper",1
"woeful",1
"breather",1
"decept",1
"fatal",1
"fifteen",1
"flamboy",1
"fumbl",1
"hat",1
"indiscret",1
"millennium",1
"nigel",1
"overturn",1
"predomin",1
"strap",1
"unfaz",1
"urg",1
"wider",1
"wild",1
"acceler",1
"array",1
"awesom",1
"bigger",1
"blitz",1
"central",1
"closur",1
"concert",1
"district",1
"extravag",1
"fella",1
"fulcrum",1
"humbl",1
"jog",1
"lacer",1
"litter",1
"mammoth",1
"medium",1
"mentor",1
"merri",1
"mileston",1
"mohali",1
"mood",1
"mother",1
"notabl",1
"obtain",1
"onus",1
"ovat",1
"placid",1
"plunder",1
"prime",1
"regul",1
"relish",1
"remaind",1
"servic",1
"sharper",1
"spokesman",1
"sternest",1
"stoke",1
"symmetri",1
"tempera",1
"tickl",1
"twing",1
"warrior",1
"dart",1
"laid",1
"percentag",1
"render",1
"albion",1
"ballast",1
"chronic",1
"classiest",1
"cook",1
"dreamt",1
"fed",1
"flare",1
"foray",1
"forg",1
"giddi",1
"horrid",1
"hurtl",1
"label",1
"lay",1
"marker",1
"mode",1
"profit",1
"raci",1
"reaction",1
"relinquish",1
"rubbish",1
"scratchi",1
"shallow",1
"tempo",1
"volum",1
"assault",1
"brutal",1
"chagrin",1
"crisp",1
"customari",1
"dabbl",1
"digit",1
"disdain",1
"gleefulli",1
"greenest",1
"hemispher",1
"lace",1
"perth",1
"ransack",1
"shanon",1
"southern",1
"springboard",1
"tireless",1
"toll",1
"underw",1
"utter",1
"breviti",1
"crush",1
"distinct",1
"domest",1
"dune",1
"horn",1
"judgement",1
"layer",1
"mercuri",1
"monti",1
"panesar",1
"peg",1
"quot",1
"replic",1
"shoe",1
"specul",1
"survivor",1
"token",1
"trivia",1
"unnerv",1
"unravel",1
"unsteadi",1
"worn",1
"axe",1
"edgar",1
"fond",1
"grand",1
"placement",1
"plunket",1
"rang",1
"safer",1
"scant",1
"scheme",1
"shield",1
"shut",1
"souther",1
"stiff",1
"tout",1
"vision",1
"aggreg",1
"colli",1
"incident",1
"occurr",1
"vvs",1
"joke",1
"lowli",1
"metr",1
"model",1
"quarter",1
"quirkier",1
"scare",1
"shooter",1
"uncertainti",1
"youngest",1
"abat",1
"clump",1
"clutch",1
"crop",1
"erad",1
"extern",1
"fickl",1
"firm",1
"funni",1
"gonna",1
"johnni",1
"judg",1
"lyric",1
"momentarili",1
"nash",1
"persev",1
"radar",1
"reachabl",1
"rebuild",1
"reliv",1
"restart",1
"shatter",1
"shini",1
"size",1
"spoil",1
"strategi",1
"tap",1
"unveil",1
"urgenc",1
"wryli",1
"approxim",1
"blast",1
"code",1
"comput",1
"consum",1
"core",1
"debug",1
"derid",1
"despair",1
"drill",1
"dump",1
"eaten",1
"epic",1
"faint",1
"forgett",1
"gutsi",1
"instrument",1
"oblig",1
"seesaw",1
"simplist",1
"thirti",1
"venom",1
"whack",1
"wither",1
"abroad",1
"bcl",1
"bedroom",1
"clap",1
"connect",1
"doppelgang",1
"facebook",1
"footstep",1
"foreign",1
"frame",1
"hearten",1
"idolis",1
"longev",1
"magazin",1
"newspap",1
"page",1
"photo",1
"plaster",1
"plaudit",1
"prot",1
"referenc",1
"scuttl",1
"secret",1
"seymor",1
"tweet",1
"villag",1
"xeg",1
"bamboozl",1
"befit",1
"beneficiari",1
"crash",1
"drain",1
"ensconc",1
"gorgeous",1
"imag",1
"inconsequenti",1
"judgment",1
"judici",1
"marathon",1
"phenomenon",1
"resembl",1
"ridden",1
"strokeplay",1
"stroll",1
"swerv",1
"benjamin",1
"desmond",1
"gumption",1
"homeland",1
"jimmi",1
"kenni",1
"speak",1
"stanc",1
"tree",1
"winston",1
"affair",1
"confound",1
"deceiv",1
"dual",1
"educ",1
"equat",1
"equip",1
"exemplari",1
"fleet",1
"glimps",1
"hide",1
"lavish",1
"legspin",1
"limp",1
"mountain",1
"nevertheless",1
"outsmart",1
"partial",1
"plonk",1
"popular",1
"stomach",1
"subtl",1
"trim",1
"wristband",1
"bustl",1
"date",1
"evapor",1
"exhaust",1
"floodgat",1
"hapless",1
"huddl",1
"inroad",1
"intercept",1
"overpow",1
"rag",1
"sixteen",1
"tank",1
"banish",1
"briefer",1
"butcher",1
"dial",1
"duel",1
"endeavour",1
"extrovert",1
"flush",1
"graham",1
"hook",1
"hussain",1
"infuri",1
"lick",1
"lip",1
"lucrat",1
"mould",1
"nasser",1
"offenc",1
"primari",1
"split",1
"weakest",1
"whip",1
"cop",1
"crack",1
"grew",1
"grown",1
"headstart",1
"sail",1
"shake",1
"stonewal",1
"string",1
"thrice",1
"versatil",1
"zero",1
"cage",1
"dispens",1
"eat",1
"econom",1
"fleme",1
"garri",1
"geoff",1
"hill",1
"howarth",1
"inexact",1
"lazili",1
"lock",1
"masterton",1
"nag",1
"nonetheless",1
"parent",1
"perk",1
"pill",1
"realign",1
"regret",1
"resort",1
"rib",1
"rimutaka",1
"scienc",1
"snicko",1
"sober",1
"stephen",1
"chuckl",1
"culprit",1
"gradual",1
"lit",1
"overcast",1
"summon",1
"sunlight",1
"discount",1
"edgi",1
"forese",1
"glanc",1
"intervent",1
"miracul",1
"orient",1
"unsurpris",1
"whilst",1
"cold",1
"controversi",1
"correspond",1
"ilk",1
"lethal",1
"norm",1
"rust",1
"shaken",1
"sing",1
"skulk",1
"spici",1
"starter",1
"strive",1
"sung",1
"sweat",1
"abject",1
"addict",1
"ala",1
"antidot",1
"appal",1
"belli",1
"bloodi",1
"bone",1
"bound",1
"buck",1
"calypso",1
"care",1
"chatter",1
"clark",1
"coil",1
"combo",1
"conclud",1
"convict",1
"cough",1
"crescendo",1
"crime",1
"croft",1
"cup",1
"death",1
"dough",1
"dozen",1
"dujon",1
"entrap",1
"epitomis",1
"facial",1
"firebal",1
"flawless",1
"friski",1
"gallant",1
"garner",1
"genius",1
"harper",1
"heaven",1
"idyl",1
"inject",1
"insepar",1
"irresist",1
"jonti",1
"jot",1
"lazi",1
"legaci",1
"lilleenthomson",1
"limpli",1
"lloyd",1
"logi",1
"logic",1
"lurk",1
"mous",1
"offic",1
"oppos",1
"orchestr",1
"out",1
"outcricket",1
"pine",1
"propel",1
"propuls",1
"radiat",1
"rehab",1
"revolv",1
"rhode",1
"runaround",1
"sake",1
"sinew",1
"sock",1
"somehow",1
"soul",1
"specimen",1
"sphere",1
"squeez",1
"status",1
"stole",1
"suffoc",1
"superl",1
"testimoni",1
"thunderbolt",1
"titiv",1
"torqu",1
"truli",1
"under",1
"underestim",1
"undi",1
"veloc",1
"vicious",1
"vigor",1
"woollen",1
"wound",1
"bullish",1
"bumper",1
"citi",1
"docil",1
"elit",1
"glossi",1
"gun",1
"happier",1
"hoop",1
"johnson",1
"lacquer",1
"laud",1
"limo",1
"mike",1
"mitchel",1
"prais",1
"shuttl",1
"sportsmen",1
"stamina",1
"summit",1
"trace",1
"unassum",1
"varieti",1
"viscer",1
"acquir",1
"cling",1
"drub",1
"forefront",1
"nullifi",1
"repair",1
"retic",1
"reveal",1
"shell",1
"teach",1
"jolli",1
"languish",1
"loyal",1
"mainstream",1
"map",1
"meter",1
"mettl",1
"miracl",1
"morsel",1
"seed",1
"shock",1
"sown",1
"survey",1
"agenda",1
"assembl",1
"belt",1
"bluster",1
"complain",1
"conflict",1
"contend",1
"downright",1
"gambl",1
"graviti",1
"grief",1
"impos",1
"persuad",1
"potenc",1
"reel",1
"superb",1
"teamwork",1
"tremend",1
"twitchi",1
"wag",1
"wri",1
"akhtar",1
"gari",1
"januari",1
"kandi",1
"sara",1
"shoaib",1
"ssc",1
"copious",1
"decreas",1
"demolit",1
"gape",1
"gate",1
"gung",1
"lifter",1
"meltdown",1
"rebound",1
"rode",1
"snatch",1
"straighten",1
"trial",1
"unsuccess",1
"assign",1
"brad",1
"campaign",1
"command",1
"elizabeth",1
"gareth",1
"haddin",1
"hip",1
"hopkin",1
"parri",1
"plethora",1
"port",1
"reec",1
"rubbl",1
"sap",1
"twin",1
"withdrawn",1
"aggressor",1
"chisel",1
"compel",1
"deject",1
"dismantl",1
"drier",1
"formal",1
"fourthseam",1
"inept",1
"jab",1
"knife",1
"mop",1
"panic",1
"swipe",1
"tilt",1
"vulner",1
"bent",1
"blot",1
"bradman",1
"clueless",1
"grope",1
"heav",1
"indefatig",1
"nos",1
"prematur",1
"rip",1
"stiffest",1
"unhelp",1
"unimagin",1
"unusu",1
"vain",1
"aliv",1
"anonym",1
"bailout",1
"batch",1
"broader",1
"compound",1
"construct",1
"crispli",1
"david",1
"dhaka",1
"disarray",1
"distant",1
"ditch",1
"expans",1
"illeg",1
"lbws",1
"leapt",1
"legend",1
"merit",1
"pocket",1
"pride",1
"ralli",1
"rescu",1
"sea",1
"skew",1
"uneas",1
"untidi",1
"vice",1
"warner",1
"airi",1
"chao",1
"conspir",1
"dug",1
"imperi",1
"kickstart",1
"navig",1
"prosper",1
"smooth",1
"sped",1
"tentat",1
"unsettl",1
"armouri",1
"courtesi",1
"footag",1
"imposs",1
"knight",1
"mysteri",1
"resign",1
"rider",1
"selfish",1
"studi",1
"transpir",1
"trump",1
"allround",1
"blueprint",1
"calcul",1
"crazi",1
"dollar",1
"dovetail",1
"firepow",1
"float",1
"fluid",1
"heed",1
"hefti",1
"jeetan",1
"leeway",1
"muggi",1
"patel",1
"raw",1
"supplement",1
"todd",1
"warn",1
"asham",1
"matchwinn",1
"ripe",1
"belong",1
"director",1
"disappear",1
"graft",1
"hollow",1
"implos",1
"recommend",1
"regress",1
"remors",1
"road",1
"sami",1
"skittl",1
"spoke",1
"wherea",1
"wow",1
"batsmanship",1
"blank",1
"bolster",1
"bump",1
"depth",1
"disservic",1
"forthcom",1
"hindsight",1
"misread",1
"narrow",1
"patch",1
"pauciti",1
"proposit",1
"satisfi",1
"shambol",1
"slump",1
"smallish",1
"stone",1
"tax",1
"conjur",1
"detail",1
"orthodox",1
"almanack",1
"anywher",1
"audienc",1
"fest",1
"hardest",1
"ingrain",1
"lie",1
"maker",1
"nathan",1
"northern",1
"shelv",1
"advert",1
"blimp",1
"brace",1
"delv",1
"distinguish",1
"faultless",1
"frequenc",1
"magnific",1
"momentari",1
"pale",1
"pariti",1
"pat",1
"rival",1
"sell",1
"static",1
"stoop",1
"trend",1
"workabl",1
"youtub",1
"zip",1
"bow",1
"harbhajan",1
"joint",1
"paror",1
"singh",1
"blinder",1
"blown",1
"depress",1
"friendlier",1
"hopeless",1
"malais",1
"misbehav",1
"plummet",1
"relentless",1
"scrape",1
"shootout",1
"slender",1
"strangl",1
"suppos",1
"trot",1
"unruffl",1
"conduc",1
"curv",1
"fabul",1
"fizz",1
"flounder",1
"froze",1
"greater",1
"grip",1
"suprem",1
"tantalis",1
"tidi",1
"yeah",1
